,After Warmup Accuracy on Boot Data,After Warmup F1 Score on Boot Data,After Warmup Accuracy on Validation Data,After Warmup F1 Score on Validation Data,After Training Accuracy on Validation Data,After Training F1 Score on Validation Data
Annotator Model,0.6666666666666666,0.640736714266126,0.4393939393939394,0.41545720836665634,0.7077922077922078,0.6845218633203112
W Optimal,0.6811594202898551,0.6501315349074133,0.5248917748917749,0.4947702516870009,0.7770562770562771,0.767976762150907
Majority,0.855072463768116,0.8546041702167312,0.6601731601731602,0.6595600161224678,0.7965367965367965,0.7921445566229749
True Labels,1.0,1.0,0.8668831168831169,0.8674299052970734,0.9047619047619048,0.90706675230766
