,After Warmup Accuracy on Boot Data,After Warmup F1 Score on Boot Data,After Warmup Accuracy on Validation Data,After Warmup F1 Score on Validation Data,After Training Accuracy on Validation Data,After Training F1 Score on Validation Data
Annotator Model,0.8,0.8571428571428571,0.6153846153846154,0.7540983606557378,0.782051282051282,0.8495575221238938
W Optimal,0.8,0.8571428571428571,0.6153846153846154,0.7540983606557378,0.8333333333333334,0.8925619834710744
Majority,0.8,0.8571428571428571,0.6153846153846154,0.7540983606557378,0.8333333333333334,0.8925619834710744
True Labels,1.0,1.0,0.6666666666666666,0.796875,0.8461538461538461,0.9016393442622951
