,After Warmup Accuracy on Boot Data,After Warmup F1 Score on Boot Data,After Warmup Accuracy on Validation Data,After Warmup F1 Score on Validation Data,After Training Accuracy on Validation Data,After Training F1 Score on Validation Data
Annotator Model,0.6,0.5927405927405927,0.3952802359882006,0.3780334983800966,0.7138643067846607,0.7171113411151362
W Optimal,0.72,0.7128288378288379,0.5250737463126843,0.5241514552085589,0.7079646017699115,0.7007985939514514
Majority,0.84,0.8383838383838383,0.49262536873156343,0.46792712411259474,0.7345132743362832,0.7313141748361407
True Labels,1.0,1.0,0.5191740412979351,0.5231889344049394,0.7610619469026548,0.7660796469858477
