,After Warmup Accuracy on Boot Data,After Warmup F1 Score on Boot Data,After Warmup Accuracy on Validation Data,After Warmup F1 Score on Validation Data,After Training Accuracy on Validation Data,After Training F1 Score on Validation Data
Annotator Model,1.0,1.0,0.7903225806451613,0.7464181074728743,0.8387096774193549,0.782129174268876
W Optimal,0.8888888888888888,0.8518518518518517,0.6854838709677419,0.5761214630779848,0.8467741935483871,0.7971315640880858
Majority,0.8888888888888888,0.8518518518518517,0.6854838709677419,0.5761214630779848,0.8548387096774194,0.8101082493467712
True Labels,1.0,1.0,0.7903225806451613,0.7464181074728743,0.8709677419354839,0.8265652052837408
