,After Warmup Accuracy on Boot Data,After Warmup F1 Score on Boot Data,After Warmup Accuracy on Validation Data,After Warmup F1 Score on Validation Data,After Training Accuracy on Validation Data,After Training F1 Score on Validation Data
Annotator Model,1.0,1.0,0.7833333333333333,0.7651046271735926,0.9833333333333333,0.9837010534684953
W Optimal,0.75,0.5555555555555555,0.65,0.5519125683060109,0.7166666666666667,0.7235772357723578
Majority,1.0,1.0,0.7833333333333333,0.7651046271735926,0.9333333333333333,0.9339774557165862
True Labels,1.0,1.0,0.7833333333333333,0.7651046271735926,0.9666666666666667,0.9674603174603175
