,After Warmup Accuracy on Boot Data,After Warmup F1 Score on Boot Data,After Warmup Accuracy on Validation Data,After Warmup F1 Score on Validation Data,After Training Accuracy on Validation Data,After Training F1 Score on Validation Data
Annotator Model,0.16666666666666666,0.13333333333333333,0.1744186046511628,0.09470705661181851,0.43023255813953487,0.23048964218455745
W Optimal,0.3333333333333333,0.16,0.3023255813953488,0.12649979834644082,0.4418604651162791,0.2734779657477026
Majority,0.6666666666666666,0.49333333333333335,0.47674418604651164,0.29622352013085235,0.4186046511627907,0.24523809523809523
True Labels,0.8333333333333334,0.8666666666666667,0.47674418604651164,0.29622352013085235,0.46511627906976744,0.32849927849927846
