,No. of Instances,Accuracy,f1-score
0,20,0.85,0.7301587301587302
1,2,0.0,0.0
2,2,0.5,0.3333333333333333
3,2,0.5,0.3333333333333333
4,1,1.0,1.0
