,After Warmup Accuracy on Boot Data,After Warmup F1 Score on Boot Data,After Warmup Accuracy on Validation Data,After Warmup F1 Score on Validation Data,After Training Accuracy on Validation Data,After Training F1 Score on Validation Data
Annotator Model,0.85,0.7647727272727273,0.5666666666666667,0.4744630155362825,0.5777777777777777,0.485507855247467
W Optimal,0.85,0.6827485380116959,0.5962962962962963,0.415695003068583,0.5814814814814815,0.47024185375223526
Majority,1.0,1.0,0.6259259259259259,0.4998011502737192,0.5888888888888889,0.5109326357661709
True Labels,1.0,1.0,0.6259259259259259,0.4998011502737192,0.6074074074074074,0.5252892887163987
