,After Warmup Accuracy on Boot Data,After Warmup F1 Score on Boot Data,After Warmup Accuracy on Validation Data,After Warmup F1 Score on Validation Data,After Training Accuracy on Validation Data,After Training F1 Score on Validation Data
Annotator Model,0.85,0.6645299145299145,0.5481481481481482,0.4142692000292466,0.6888888888888889,0.5787088735604923
W Optimal,0.85,0.6827485380116959,0.5962962962962963,0.415695003068583,0.6296296296296297,0.4814727715333293
Majority,1.0,1.0,0.6259259259259259,0.4998011502737192,0.6444444444444445,0.5537040577493512
True Labels,1.0,1.0,0.6259259259259259,0.4998011502737192,0.6296296296296297,0.559240861371456
