,No. of Instances,Accuracy,f1-score
4,44,0.9090909090909091,0.8263574660633484
3,25,0.76,0.7734962406015037
0,55,0.8363636363636363,0.6258336258336259
1,71,0.7887323943661971,0.7177350427350426
2,34,0.6470588235294118,0.6083916083916083
