,After Warmup Accuracy on Boot Data,After Warmup F1 Score on Boot Data,After Warmup Accuracy on Validation Data,After Warmup F1 Score on Validation Data,After Training Accuracy on Validation Data,After Training F1 Score on Validation Data
Annotator Model,0.5,0.4444444444444444,0.4,0.31671554252199413,0.6333333333333333,0.540621266427718
W Optimal,0.0,0.0,0.0,0.0,0.65,0.5886717876053397
Majority,0.25,0.13333333333333333,0.1,0.0606060606060606,0.4666666666666667,0.37333333333333335
True Labels,1.0,1.0,0.7833333333333333,0.7651046271735926,0.85,0.8536585365853658
