,No. of Instances,Accuracy,f1-score
3,8,0.75,0.2857142857142857
0,8,0.875,0.6363636363636364
1,5,0.2,0.16666666666666666
2,4,0.75,0.42857142857142855
