,After Warmup Accuracy on Boot Data,After Warmup F1 Score on Boot Data,After Warmup Accuracy on Validation Data,After Warmup F1 Score on Validation Data,After Training Accuracy on Validation Data,After Training F1 Score on Validation Data
Annotator Model,0.8,0.8571428571428571,0.6153846153846154,0.7540983606557378,0.6410256410256411,0.7627118644067797
W Optimal,0.8,0.8571428571428571,0.6153846153846154,0.7540983606557378,0.7435897435897436,0.8305084745762712
Majority,0.8,0.8571428571428571,0.6153846153846154,0.7540983606557378,0.7435897435897436,0.8305084745762712
True Labels,1.0,1.0,0.6666666666666666,0.796875,0.8076923076923077,0.8739495798319328
