,After Warmup Accuracy on Boot Data,After Warmup F1 Score on Boot Data,After Warmup Accuracy on Validation Data,After Warmup F1 Score on Validation Data,After Training Accuracy on Validation Data,After Training F1 Score on Validation Data
Annotator Model,0.6,0.611111111111111,0.5555555555555556,0.5660829685219929,0.7916666666666666,0.7909996979764422
W Optimal,0.8,0.7777777777777777,0.5972222222222222,0.5468161941572577,0.8611111111111112,0.8563406173469067
Majority,0.8,0.6,0.625,0.4768294864913223,0.9583333333333334,0.9593740944653724
True Labels,1.0,1.0,0.8055555555555556,0.7968406355796082,0.9305555555555556,0.9349970291146762
