,After Warmup Accuracy on Boot Data,After Warmup F1 Score on Boot Data,After Warmup Accuracy on Validation Data,After Warmup F1 Score on Validation Data,After Training Accuracy on Validation Data,After Training F1 Score on Validation Data
Annotator Model,0.8,0.7619047619047619,0.6153846153846154,0.4358727097396336,0.6666666666666666,0.4889112903225806
W Optimal,0.8,0.7619047619047619,0.6153846153846154,0.4358727097396336,0.6538461538461539,0.5889127464376342
Majority,0.8,0.7619047619047619,0.6153846153846154,0.4358727097396336,0.6538461538461539,0.5983215716193019
True Labels,1.0,1.0,0.6666666666666666,0.4341517857142857,0.7435897435897436,0.6741854636591478
