,No. of Instances,Accuracy,f1-score
2,20,0.9,0.84375
0,13,1.0,1.0
4,7,1.0,1.0
1,6,0.8333333333333334,0.8285714285714285
3,14,1.0,1.0
