,After Warmup Accuracy on Boot Data,After Warmup F1 Score on Boot Data,After Warmup Accuracy on Validation Data,After Warmup F1 Score on Validation Data,After Training Accuracy on Validation Data,After Training F1 Score on Validation Data
Annotator Model,0.7777777777777778,0.582010582010582,0.6935483870967742,0.49937056381411543,0.7741935483870968,0.7343817368059439
W Optimal,0.8888888888888888,0.8518518518518517,0.6854838709677419,0.5761214630779848,0.7661290322580645,0.7374096277559801
Majority,0.8888888888888888,0.8518518518518517,0.6854838709677419,0.5761214630779848,0.7016129032258065,0.6830887240986279
True Labels,1.0,1.0,0.7903225806451613,0.7464181074728743,0.8629032258064516,0.8202823263692829
