,After Warmup Accuracy on Boot Data,After Warmup F1 Score on Boot Data,After Warmup Accuracy on Validation Data,After Warmup F1 Score on Validation Data,After Training Accuracy on Validation Data,After Training F1 Score on Validation Data
Annotator Model,0.8666666666666667,0.6666666666666666,0.7942583732057417,0.5742574257425743,0.8421052631578947,0.5479452054794521
W Optimal,0.9333333333333333,0.8,0.7894736842105263,0.48837209302325585,0.8181818181818182,0.5249999999999999
Majority,0.9333333333333333,0.8,0.7894736842105263,0.48837209302325585,0.8181818181818182,0.5249999999999999
True Labels,1.0,1.0,0.6889952153110048,0.19753086419753085,0.8133971291866029,0.49350649350649345
