,No. of Instances,Accuracy,f1-score
2,15,0.9333333333333333,0.6666666666666666
0,59,0.864406779661017,0.8666666666666667
1,1,1.0,0.0
4,1,1.0,0.0
