,After Warmup Accuracy on Boot Data,After Warmup F1 Score on Boot Data,After Warmup Accuracy on Validation Data,After Warmup F1 Score on Validation Data,After Training Accuracy on Validation Data,After Training F1 Score on Validation Data
Annotator Model,1.0,1.0,0.7833333333333333,0.7651046271735926,0.9666666666666667,0.967032967032967
W Optimal,0.75,0.5555555555555555,0.65,0.5519125683060109,0.6333333333333333,0.6124338624338624
Majority,1.0,1.0,0.7833333333333333,0.7651046271735926,0.8333333333333334,0.8305555555555556
True Labels,1.0,1.0,0.7833333333333333,0.7651046271735926,0.9666666666666667,0.9674603174603175
