,After Warmup Accuracy on Boot Data,After Warmup F1 Score on Boot Data,After Warmup Accuracy on Validation Data,After Warmup F1 Score on Validation Data,After Training Accuracy on Validation Data,After Training F1 Score on Validation Data
Annotator Model,1.0,1.0,0.7801418439716312,0.8502415458937199,0.8865248226950354,0.9215686274509803
W Optimal,1.0,1.0,0.7801418439716312,0.8502415458937199,0.8936170212765957,0.9261083743842364
Majority,0.9,0.9090909090909091,0.7872340425531915,0.8314606741573034,0.8865248226950354,0.9199999999999999
True Labels,1.0,1.0,0.7801418439716312,0.8502415458937199,0.9148936170212766,0.9387755102040817
