,No. of Instances,Accuracy,f1-score
0,35,0.8,0.8292682926829268
2,11,0.9090909090909091,0.8
1,12,0.9166666666666666,0.6666666666666666
3,21,0.8095238095238095,0.7999999999999999
