,After Warmup Accuracy on Boot Data,After Warmup F1 Score on Boot Data,After Warmup Accuracy on Validation Data,After Warmup F1 Score on Validation Data,After Training Accuracy on Validation Data,After Training F1 Score on Validation Data
Annotator Model,0.8666666666666667,[0.91666667 0.66666667],0.7942583732057417,[0.86435331 0.57425743],0.8229665071770335,[0.89275362 0.49315068]
W Optimal,0.9333333333333333,[0.96 0.8 ],0.7894736842105263,[0.86746988 0.48837209],0.8229665071770335,[0.8914956  0.51948052]
Majority,0.9333333333333333,[0.96 0.8 ],0.7894736842105263,[0.86746988 0.48837209],0.8229665071770335,[0.8914956  0.51948052]
True Labels,1.0,[1. 1.],0.6889952153110048,[0.80712166 0.19753086],0.8181818181818182,[0.88888889 0.5       ]
