,After Warmup Accuracy on Boot Data,After Warmup F1 Score on Boot Data,After Warmup Accuracy on Validation Data,After Warmup F1 Score on Validation Data,After Training Accuracy on Validation Data,After Training F1 Score on Validation Data
Annotator Model,0.6666666666666666,0.5555555555555555,0.47619047619047616,0.43620735965619123,0.9404761904761905,0.9462225691733889
W Optimal,0.6666666666666666,0.5555555555555555,0.6071428571428571,0.5289171524465642,0.9166666666666666,0.9182017726653885
Majority,1.0,1.0,0.7738095238095238,0.7661370559152623,0.9285714285714286,0.9330940050219713
True Labels,1.0,1.0,0.7738095238095238,0.7661370559152623,0.9404761904761905,0.9437648118769218
