,After Warmup Accuracy on Boot Data,After Warmup F1 Score on Boot Data,After Warmup Accuracy on Validation Data,After Warmup F1 Score on Validation Data,After Training Accuracy on Validation Data,After Training F1 Score on Validation Data
Annotator Model,1.0,1.0,0.7833333333333333,0.7651046271735926,0.8166666666666667,0.8068904981347377
W Optimal,0.75,0.5555555555555555,0.65,0.5519125683060109,0.6666666666666666,0.6448570586501621
Majority,1.0,1.0,0.7833333333333333,0.7651046271735926,0.8666666666666667,0.8692185007974483
True Labels,1.0,1.0,0.7833333333333333,0.7651046271735926,0.9666666666666667,0.967304625199362
