,No. of Instances,Accuracy,f1-score
1,3,1.0,1.0
0,23,0.9130434782608695,0.9130844645550528
3,1,1.0,1.0
2,1,1.0,1.0
