,No. of Instances,Accuracy,f1-score
1,5,1.0,1.0
2,6,0.8333333333333334,0.6190476190476191
3,0,,
4,2,1.0,1.0
0,2,1.0,1.0
