,No. of Instances,Accuracy,f1-score
1,1,0.0,0.0
4,3,0.6666666666666666,0.6666666666666666
0,1,1.0,1.0
