,After Warmup Accuracy on Boot Data,After Warmup F1 Score on Boot Data,After Warmup Accuracy on Validation Data,After Warmup F1 Score on Validation Data,After Training Accuracy on Validation Data,After Training F1 Score on Validation Data
Annotator Model,0.6666666666666666,0.49333333333333335,0.47674418604651164,0.29622352013085235,0.5116279069767442,0.3089207089207089
W Optimal,0.3333333333333333,0.16,0.3023255813953488,0.12649979834644082,0.5232558139534884,0.28430711862883845
Majority,0.6666666666666666,0.49333333333333335,0.47674418604651164,0.29622352013085235,0.5581395348837209,0.4232965063610225
True Labels,0.8333333333333334,0.8666666666666667,0.47674418604651164,0.29622352013085235,0.627906976744186,0.5159297052154195
