,No. of Instances,Accuracy,f1-score
1,20,0.8,0.7960784313725492
0,8,0.5,0.36363636363636365
3,4,0.5,0.5
2,15,0.8666666666666667,0.8355555555555555
4,1,1.0,1.0
