,After Warmup Accuracy on Boot Data,After Warmup F1 Score on Boot Data,After Warmup Accuracy on Validation Data,After Warmup F1 Score on Validation Data,After Training Accuracy on Validation Data,After Training F1 Score on Validation Data
Annotator Model,0.9642857142857143,0.9736842105263159,0.38441558441558443,0.3627057588015391,0.5272727272727272,0.5314852819237148
W Optimal,0.9642857142857143,0.9736842105263159,0.38441558441558443,0.3627057588015391,0.509090909090909,0.4940447312945796
Majority,1.0,1.0,0.3948051948051948,0.37234782832226365,0.5116883116883116,0.5262670091080233
True Labels,1.0,1.0,0.3948051948051948,0.37234782832226365,0.5168831168831168,0.5267725479141716
